Keyword,Intent,Relevance,Related %,Volume,Trend,Pot. Traffic,PKD %,KD %,CPC (USD),Com.,SF,Results,Updated
qr code generator,Informational,n/a,0,1.2M,,n/a,n/a,100,0.04,0.07,Go to a snapshot of the SERP for qr code generator,139,1 month
qr code scanner,Commercial,n/a,0,550.0K,,n/a,n/a,80,0.02,0.07,Go to a snapshot of the SERP for qr code scanner,140,1 month
zips qr code,Informational,n/a,0,301.0K,,n/a,n/a,28,0.00,0.33,Go to a snapshot of the SERP for zips qr code,124,1 month
barcode on myntra product,Informational,n/a,0,135.0K,,n/a,n/a,21,0.00,0.33,Go to a snapshot of the SERP for barcode on myntra product,73,1 month
bulk barcode generator,Informational,n/a,0,135.0K,,n/a,n/a,32,0.84,0.01,Go to a snapshot of the SERP for bulk barcode generator,92,1 month
kod qr,Informational,n/a,0,135.0K,,n/a,n/a,96,0.03,0.01,Go to a snapshot of the SERP for kod qr,139,1 month
myntra barcode number,Informational,n/a,0,135.0K,,n/a,n/a,17,0.00,0.33,Go to a snapshot of the SERP for myntra barcode number,74,1 month
qr kod,Informational,n/a,0,135.0K,,n/a,n/a,91,0.03,0.01,Go to a snapshot of the SERP for qr kod,135,1 month
barcode of any product,Informational,n/a,0,110.0K,,n/a,n/a,49,0.17,0.33,Go to a snapshot of the SERP for barcode of any product,109,1 month
qr barcode,Informational,n/a,0,110.0K,,n/a,n/a,71,0.02,0.01,Go to a snapshot of the SERP for qr barcode,109,1 month
google qr,Navigational,n/a,0,90.5K,,n/a,n/a,63,0.02,0.33,Go to a snapshot of the SERP for google qr,73,1 month
imei barcode,Informational,n/a,0,90.5K,,n/a,n/a,19,0.00,0.33,Go to a snapshot of the SERP for imei barcode,52,1 month
myntra barcode,Informational,n/a,0,90.5K,,n/a,n/a,24,0.00,0.33,Go to a snapshot of the SERP for myntra barcode,75,1 month
qr address,Informational,n/a,0,90.5K,,n/a,n/a,78,0.05,0.01,Go to a snapshot of the SERP for qr address,110,1 month
qr code,Informational,n/a,0,90.5K,,n/a,n/a,90,0.02,0.01,Go to a snapshot of the SERP for qr code,132,1 month
qr code address,Informational,n/a,0,90.5K,,n/a,n/a,50,0.05,0.01,Go to a snapshot of the SERP for qr code address,101,1 month
blue qr code,Informational,n/a,0,74.0K,,n/a,n/a,46,0.00,0.33,Go to a snapshot of the SERP for blue qr code,112,1 month
bulk qr code generator,Commercial,n/a,0,74.0K,,n/a,n/a,37,0.25,0.01,Go to a snapshot of the SERP for bulk qr code generator,127,1 month
call qr code,Informational | Commercial,n/a,0,74.0K,,n/a,n/a,24,0.00,0.00,Go to a snapshot of the SERP for call qr code,80,1 month
custom qr code generator,Informational,n/a,0,74.0K,,n/a,n/a,88,0.06,0.33,Go to a snapshot of the SERP for custom qr code generator,131,1 month
custom qr code maker,Commercial,n/a,0,74.0K,,n/a,n/a,91,0.06,0.33,Go to a snapshot of the SERP for custom qr code maker,134,1 month
qr code blue,Informational,n/a,0,74.0K,,n/a,n/a,28,0.00,0.33,Go to a snapshot of the SERP for qr code blue,77,1 month
qr code generator free,Informational,n/a,0,74.0K,,n/a,n/a,97,0.06,0.28,Go to a snapshot of the SERP for qr code generator free,135,1 month
how to print qr code,Informational,n/a,0,60.5K,,n/a,n/a,47,0.00,0.33,Go to a snapshot of the SERP for how to print qr code,106,1 month
qr generator,Informational,n/a,0,60.5K,,n/a,n/a,92,0.04,0.07,Go to a snapshot of the SERP for qr generator,20,1 month
upi qr code generator,Informational,n/a,0,60.5K,,n/a,n/a,33,0.83,0.33,Go to a snapshot of the SERP for upi qr code generator,62,1 month
generate qr code,Commercial,n/a,0,49.5K,,n/a,n/a,90,0.05,0.35,Go to a snapshot of the SERP for generate qr code,136,1 month
qr,Informational,n/a,0,49.5K,,n/a,n/a,88,0.03,0.03,Go to a snapshot of the SERP for qr,135,1 month
qr code example,Informational,n/a,0,49.5K,,n/a,n/a,51,0.19,0.33,Go to a snapshot of the SERP for qr code example,123,1 month
qr example,Informational,n/a,0,49.5K,,n/a,n/a,65,0.19,0.33,Go to a snapshot of the SERP for qr example,125,1 month
qr photo,Informational,n/a,0,49.5K,,n/a,n/a,27,0.01,0.33,Go to a snapshot of the SERP for qr photo,132,1 month
sample qr code,Informational,n/a,0,49.5K,,n/a,n/a,80,0.19,0.33,Go to a snapshot of the SERP for sample qr code,127,1 month
big qr code,Informational,n/a,0,40.5K,,n/a,n/a,86,0.00,0.33,Go to a snapshot of the SERP for big qr code,59,1 month
large qr code,Informational,n/a,0,40.5K,,n/a,n/a,79,0.00,0.33,Go to a snapshot of the SERP for large qr code,136,1 month
link to qr code,Informational,n/a,0,40.5K,,n/a,n/a,90,0.02,0.56,Go to a snapshot of the SERP for link to qr code,127,1 month
me qr,Navigational,n/a,0,40.5K,,n/a,n/a,88,0.01,0.24,Go to a snapshot of the SERP for me qr,n/a,1 month
custom qr code,Informational,n/a,0,33.1K,,n/a,n/a,85,0.05,0.01,Go to a snapshot of the SERP for custom qr code,n/a,1 month
free qr code generator,Informational,n/a,0,33.1K,,n/a,n/a,88,0.04,0.21,Go to a snapshot of the SERP for free qr code generator,131,1 month
google qr code,Navigational,n/a,0,33.1K,,n/a,n/a,79,0.02,0.33,Go to a snapshot of the SERP for google qr code,73,1 month
product barcode,Informational,n/a,0,33.1K,,n/a,n/a,75,0.24,0.01,Go to a snapshot of the SERP for product barcode,104,1 month
qr code image jpeg,Informational,n/a,0,33.1K,,n/a,n/a,34,0.00,0.33,Go to a snapshot of the SERP for qr code image jpeg,131,1 month
qr code pin,Informational,n/a,0,33.1K,,n/a,n/a,24,0.00,0.33,Go to a snapshot of the SERP for qr code pin,133,1 month
qr code with serial number,Informational,n/a,0,33.1K,,n/a,n/a,59,0.00,0.33,Go to a snapshot of the SERP for qr code with serial number,136,1 month
sptp barcode,Commercial,n/a,0,33.1K,,n/a,n/a,62,0.47,0.33,Go to a snapshot of the SERP for sptp barcode,108,1 month
uitly.com - free qr code generator,Informational,n/a,0,33.1K,,n/a,n/a,54,0.00,0.33,Go to a snapshot of the SERP for uitly.com - free qr code generator,7.7M,1 month
how to draw a qr code,Informational,n/a,0,27.1K,,n/a,n/a,54,0.00,0.33,Go to a snapshot of the SERP for how to draw a qr code,102,1 month
scan barcode qr code,Informational,n/a,0,27.1K,,n/a,n/a,70,0.00,0.33,Go to a snapshot of the SERP for scan barcode qr code,107,1 month
circular qr code generator,Commercial,n/a,0,22.2K,,n/a,n/a,63,0.00,0.33,Go to a snapshot of the SERP for circular qr code generator,79,1 month
free barcode,Navigational,n/a,0,22.2K,,n/a,n/a,63,0.18,0.33,Go to a snapshot of the SERP for free barcode,131,1 month
long qr code,Informational,n/a,0,22.2K,,n/a,n/a,91,0.00,0.33,Go to a snapshot of the SERP for long qr code,135,1 month
qr code for website,Informational,n/a,0,22.2K,,n/a,n/a,92,0.07,0.33,Go to a snapshot of the SERP for qr code for website,121,1 month
qr site,Informational,n/a,0,22.2K,,n/a,n/a,90,0.07,0.33,Go to a snapshot of the SERP for qr site,131,1 month
small qr,Informational,n/a,0,22.2K,,n/a,n/a,60,0.00,0.33,Go to a snapshot of the SERP for small qr,136,1 month
get qr code,Transactional,n/a,0,18.1K,,n/a,n/a,65,0.04,0.37,Go to a snapshot of the SERP for get qr code,135,1 month
image with qr code,Informational,n/a,0,18.1K,,n/a,n/a,35,0.01,0.01,Go to a snapshot of the SERP for image with qr code,129,1 month
location qr code generator,Commercial,n/a,0,18.1K,,n/a,n/a,30,0.02,0.29,Go to a snapshot of the SERP for location qr code generator,111,1 month
paper qr code,Informational,n/a,0,18.1K,,n/a,n/a,54,0.00,0.33,Go to a snapshot of the SERP for paper qr code,134,1 month
qr code logo in middle,Informational,n/a,0,18.1K,,n/a,n/a,32,0.06,0.33,Go to a snapshot of the SERP for qr code logo in middle,134,1 month
qr code on paper,Informational,n/a,0,18.1K,,n/a,n/a,30,0.00,0.33,Go to a snapshot of the SERP for qr code on paper,132,1 month
qr code paper,Informational,n/a,0,18.1K,,n/a,n/a,39,0.00,0.33,Go to a snapshot of the SERP for qr code paper,133,1 month
qr code with logo in the middle,Informational,n/a,0,18.1K,,n/a,n/a,30,0.06,0.33,Go to a snapshot of the SERP for qr code with logo in the middle,126,1 month
qr image,Informational,n/a,0,18.1K,,n/a,n/a,30,0.01,0.01,Go to a snapshot of the SERP for qr image,136,1 month
qr paper,Informational,n/a,0,18.1K,,n/a,n/a,40,0.00,0.33,Go to a snapshot of the SERP for qr paper,135,1 month
qr scanner online,Informational | Commercial,n/a,0,18.1K,,n/a,n/a,77,0.03,0.01,Go to a snapshot of the SERP for qr scanner online,112,1 month
square barcode,Informational,n/a,0,18.1K,,n/a,n/a,39,0.00,0.33,Go to a snapshot of the SERP for square barcode,106,1 month
wifi qr code generator,Informational,n/a,0,18.1K,,n/a,n/a,37,0.02,0.01,Go to a snapshot of the SERP for wifi qr code generator,122,1 month
beautiful qr code generator,Informational | Commercial,n/a,0,14.8K,,n/a,n/a,87,0.05,0.33,Go to a snapshot of the SERP for beautiful qr code generator,19,1 month
check in barcode,Informational,n/a,0,14.8K,,n/a,n/a,45,0.00,0.33,Go to a snapshot of the SERP for check in barcode,95,1 month
color qr,Informational,n/a,0,14.8K,,n/a,n/a,53,0.00,0.33,Go to a snapshot of the SERP for color qr,129,1 month
generate barcode,Informational,n/a,0,14.8K,,n/a,n/a,61,0.24,0.33,Go to a snapshot of the SERP for generate barcode,100,1 month
low resolution qr code,Informational,n/a,0,14.8K,,n/a,n/a,42,0.00,0.33,Go to a snapshot of the SERP for low resolution qr code,100,1 month
meqr,Navigational,n/a,0,14.8K,,n/a,n/a,43,0.01,0.27,Go to a snapshot of the SERP for meqr,n/a,1 month
pretty qr code generator,Commercial,n/a,0,14.8K,,n/a,n/a,53,0.05,0.33,Go to a snapshot of the SERP for pretty qr code generator,137,1 month
qr code model,Informational,n/a,0,14.8K,,n/a,n/a,49,0.00,0.33,Go to a snapshot of the SERP for qr code model,167,1 month
qr code with label,Informational,n/a,0,14.8K,,n/a,n/a,41,0.00,0.33,Go to a snapshot of the SERP for qr code with label,127,1 month
barcode sim,Informational,n/a,0,12.1K,,n/a,n/a,28,0.00,0.33,Go to a snapshot of the SERP for barcode sim,85,1 month
create qr code,Informational,n/a,0,12.1K,,n/a,n/a,93,0.04,0.37,Go to a snapshot of the SERP for create qr code,134,1 month
cur code,Informational,n/a,0,12.1K,,n/a,n/a,49,0.00,0.33,Go to a snapshot of the SERP for cur code,128,1 month
heart qr code generator,Informational,n/a,0,12.1K,,n/a,n/a,23,0.00,0.33,Go to a snapshot of the SERP for heart qr code generator,34,1 month
linkedin qr code generator,Informational,n/a,0,12.1K,,n/a,n/a,27,0.02,0.33,Go to a snapshot of the SERP for linkedin qr code generator,38,1 month
physical qr code,Informational,n/a,0,12.1K,,n/a,n/a,39,0.00,0.33,Go to a snapshot of the SERP for physical qr code,135,1 month
qr code test,Informational,n/a,0,12.1K,,n/a,n/a,37,0.25,0.33,Go to a snapshot of the SERP for qr code test,134,1 month
sim barcode,Informational,n/a,0,12.1K,,n/a,n/a,24,0.00,0.33,Go to a snapshot of the SERP for sim barcode,57,1 month
glow in the dark qr code,Informational,n/a,0,9.9K,,n/a,n/a,29,0.00,0.33,Go to a snapshot of the SERP for glow in the dark qr code,184,1 month
me qr code,Navigational,n/a,0,9.9K,,n/a,n/a,95,0.02,0.29,Go to a snapshot of the SERP for me qr code,n/a,1 month
mi qr code,Navigational,n/a,0,9.9K,,n/a,n/a,28,0.02,0.01,Go to a snapshot of the SERP for mi qr code,89,1 month
my qr code,Informational,n/a,0,9.9K,,n/a,n/a,92,0.03,0.31,Go to a snapshot of the SERP for my qr code,138,1 month
old qr code,Informational,n/a,0,9.9K,,n/a,n/a,80,0.00,0.33,Go to a snapshot of the SERP for old qr code,131,1 month
qr code generator instagram,Informational,n/a,0,9.9K,,n/a,n/a,30,0.02,0.33,Go to a snapshot of the SERP for qr code generator instagram,58,1 month
qr code generator online,Informational,n/a,0,9.9K,,n/a,n/a,83,0.04,0.33,Go to a snapshot of the SERP for qr code generator online,133,1 month
sptproversizelm,Informational,n/a,0,9.9K,,n/a,n/a,64,0.00,0.33,Go to a snapshot of the SERP for sptproversizelm,1.7K,1 month
url to qr,Informational,n/a,0,9.9K,,n/a,n/a,86,0.03,0.47,Go to a snapshot of the SERP for url to qr,76,1 month
qr barcode generator free,Commercial,n/a,0,8.1K,,n/a,n/a,90,0.06,0.07,Go to a snapshot of the SERP for qr barcode generator free,137,1 month
qr code image download,Informational,n/a,0,8.1K,,n/a,n/a,37,0.00,0.33,5,80,1 month
qr code maker online,Commercial,n/a,0,8.1K,,n/a,n/a,79,0.07,0.04,Go to a snapshot of the SERP for qr code maker online,132,1 month
qr code png,Informational,n/a,0,8.1K,,n/a,n/a,36,0.09,0.00,Go to a snapshot of the SERP for qr code png,127,1 month
qr code styles,Informational,n/a,0,8.1K,,n/a,n/a,63,0.05,0.33,Go to a snapshot of the SERP for qr code styles,134,1 month
scan barcode online,Informational,n/a,0,8.1K,,n/a,n/a,65,0.04,0.02,3,102,1 month
adobe qr code generator,Navigational,n/a,0,6.6K,,n/a,n/a,40,0.53,0.01,4,n/a,1 month
bulk qr,Informational,n/a,0,6.6K,,n/a,n/a,35,0.29,0.01,4,125,1 month
bulk qr code,Informational,n/a,0,6.6K,,n/a,n/a,37,0.24,0.01,Go to a snapshot of the SERP for bulk qr code,125,1 month
code generator,Informational,n/a,0,6.6K,,n/a,n/a,74,0.28,0.17,3,136,1 month
qr code generator free online,Informational,n/a,0,6.6K,,n/a,n/a,91,0.05,0.29,3,133,1 month
qr code logo,Informational,n/a,0,6.6K,,n/a,n/a,34,0.06,0.01,5,126,1 month
qr code maker,Commercial,n/a,0,6.6K,,n/a,n/a,88,0.04,0.32,Go to a snapshot of the SERP for qr code maker,138,1 month
qr code marker,Commercial,n/a,0,6.6K,,n/a,n/a,85,0.00,0.33,5,138,1 month
qr code shape generator,Informational,n/a,0,6.6K,,n/a,n/a,55,0.00,0.33,4,134,1 month
qrcode generator,Informational,n/a,0,6.6K,,n/a,n/a,98,0.03,0.14,3,137,1 month
text to qr code,Informational,n/a,0,6.6K,,n/a,n/a,83,0.02,0.19,7,109,1 month
url to qr code,Informational,n/a,0,6.6K,,n/a,n/a,90,0.03,0.53,7,121,1 month
101x101 qr code,Informational,n/a,0,5.4K,,n/a,n/a,37,0.00,0.33,4,15.5K,1 month
any qr code,Informational,n/a,0,5.4K,,n/a,n/a,78,0.05,0.33,Go to a snapshot of the SERP for any qr code,133,1 month
cute qr codes,Informational,n/a,0,5.4K,,n/a,n/a,61,0.00,0.33,Go to a snapshot of the SERP for cute qr codes,139,1 month
fancy qr code,Informational,n/a,0,5.4K,,n/a,n/a,37,0.07,0.33,Go to a snapshot of the SERP for fancy qr code,134,1 month
fb qr code generator,Informational,n/a,0,5.4K,,n/a,n/a,30,0.02,0.01,Go to a snapshot of the SERP for fb qr code generator,20,1 month
how to get qr code for shop,Informational,n/a,0,5.4K,,n/a,n/a,34,0.23,0.33,7,108,1 month
image qr code generator,Informational,n/a,0,5.4K,,n/a,n/a,62,0.02,0.29,5,129,1 month
kode qr,Informational,n/a,0,5.4K,,n/a,n/a,68,0.00,0.33,7,138,1 month
line qr,Informational,n/a,0,5.4K,,n/a,n/a,20,0.00,0.00,Go to a snapshot of the SERP for line qr,132,1 month
multiple qr code,Informational,n/a,0,5.4K,,n/a,n/a,34,0.00,0.33,4,123,1 month
online qr code generator,Commercial,n/a,0,5.4K,,n/a,n/a,90,0.05,0.20,2,133,1 month
pattern qr code,Informational,n/a,0,5.4K,,n/a,n/a,44,0.00,0.33,7,136,1 month
qr code barcode generator,Informational | Commercial,n/a,0,5.4K,,n/a,n/a,51,0.07,0.33,2,105,1 month
qr code cute,Informational,n/a,0,5.4K,,n/a,n/a,59,0.00,0.33,Go to a snapshot of the SERP for qr code cute,138,1 month
qr code demo,Informational,n/a,0,5.4K,,n/a,n/a,64,0.00,0.33,Go to a snapshot of the SERP for qr code demo,120,1 month
qr code fancy,Informational,n/a,0,5.4K,,n/a,n/a,59,0.05,0.33,Go to a snapshot of the SERP for qr code fancy,135,1 month
qr code generator for fb,Informational | Commercial,n/a,0,5.4K,,n/a,n/a,37,0.02,0.01,Go to a snapshot of the SERP for qr code generator for fb,90,1 month
qr code generator monkey,Navigational,n/a,0,5.4K,,n/a,n/a,43,0.02,0.11,4,118,1 month
qr code generator picture,Informational,n/a,0,5.4K,,n/a,n/a,49,0.02,0.24,5,129,1 month
qr code hello,Informational,n/a,0,5.4K,,n/a,n/a,31,0.00,0.33,7,129,1 month
qr code label,Informational,n/a,0,5.4K,,n/a,n/a,28,0.00,0.33,Go to a snapshot of the SERP for qr code label,66,1 month
qr code pattern,Informational,n/a,0,5.4K,,n/a,n/a,83,0.00,0.33,5,131,1 month
qr generator free,Commercial,n/a,0,5.4K,,n/a,n/a,81,0.04,0.27,4,424K,1 month
qr maker,Informational,n/a,0,5.4K,,n/a,n/a,88,0.03,0.39,5,135,1 month
qrcode demo,Informational,n/a,0,5.4K,,n/a,n/a,76,0.00,0.33,Go to a snapshot of the SERP for qrcode demo,70,1 month
qrcode pattern,Informational,n/a,0,5.4K,,n/a,n/a,43,0.00,0.33,8,129,1 month
red qr code,Informational,n/a,0,5.4K,,n/a,n/a,58,0.00,0.33,6,137,1 month
unlock qr code,Informational,n/a,0,5.4K,,n/a,n/a,78,0.00,0.33,6,255M,1 month
vin barcode generator,Informational | Commercial,n/a,0,5.4K,,n/a,n/a,18,0.00,0.33,2,210K,1 month
white qr code generator,Informational,n/a,0,5.4K,,n/a,n/a,79,0.02,0.33,5,130,1 month
barcode red,Informational,n/a,0,4.4K,,n/a,n/a,26,0.00,0.33,6,101,1 month
google qr code generator,Informational,n/a,0,4.4K,,n/a,n/a,83,0.05,0.25,6,128,1 month
id barcode scanner,Commercial,n/a,0,4.4K,,n/a,n/a,43,0.07,0.33,6,173,1 month
qr code generator for location,Commercial,n/a,0,4.4K,,n/a,n/a,30,0.03,0.39,5,105,1 month
qr code online,Informational,n/a,0,4.4K,,n/a,n/a,74,0.07,0.01,Go to a snapshot of the SERP for qr code online,134,1 month
qr code rectangle,Informational,n/a,0,4.4K,,n/a,n/a,51,0.00,0.33,Go to a snapshot of the SERP for qr code rectangle,93,1 month
qr code snake,Informational,n/a,0,4.4K,,n/a,n/a,29,0.00,0.33,6,111,1 month
qr code text generator,Commercial,n/a,0,4.4K,,n/a,n/a,85,0.02,0.28,2,124,1 month
qr demo,Informational,n/a,0,4.4K,,n/a,n/a,63,0.00,0.33,5,124,1 month
qr explore,Informational | Navigational,n/a,0,4.4K,,n/a,n/a,85,0.24,0.01,Go to a snapshot of the SERP for qr explore,108,1 month
qrcode pic,Informational,n/a,0,4.4K,,n/a,n/a,34,0.00,0.00,5,135,1 month
receipt qr code,Informational,n/a,0,4.4K,,n/a,n/a,16,0.00,0.33,7,129,1 month
rectangular qr code,Informational,n/a,0,4.4K,,n/a,n/a,37,0.00,0.33,Go to a snapshot of the SERP for rectangular qr code,138,1 month
small qr code,Informational,n/a,0,4.4K,,n/a,n/a,88,0.00,0.33,Go to a snapshot of the SERP for small qr code,131,1 month
beautiful qr codes,Informational,n/a,0,3.6K,,n/a,n/a,79,0.00,0.33,4,133,1 month
bulk qr code generator free,Commercial,n/a,0,3.6K,,n/a,n/a,33,0.24,0.01,3,120,1 month
cctv barcode,Informational,n/a,0,3.6K,,n/a,n/a,39,0.00,0.33,8,159,1 month
create a qr code for a link,Informational | Commercial,n/a,0,3.6K,,n/a,n/a,90,0.04,0.66,Go to a snapshot of the SERP for create a qr code for a link,20,1 month
create qr code for link,Commercial,n/a,0,3.6K,,n/a,n/a,90,0.05,0.69,3,116,1 month
free bulk qr code generator,Informational,n/a,0,3.6K,,n/a,n/a,34,0.24,0.01,4,124,1 month
generator qr.com,Navigational,n/a,0,3.6K,,n/a,n/a,77,0.01,0.15,1,101,1 month
link to qr,Commercial,n/a,0,3.6K,,n/a,n/a,89,0.03,0.58,3,127,1 month
mi qr code scanner,Commercial,n/a,0,3.6K,,n/a,n/a,29,0.00,0.33,Go to a snapshot of the SERP for mi qr code scanner,77,1 month
or code,Informational,n/a,0,3.6K,,n/a,n/a,91,0.05,0.02,4,136,1 month
qr barcode generator,Informational | Transactional,n/a,0,3.6K,,n/a,n/a,73,0.04,0.10,3,107,1 month
qr code banao,Informational | Commercial,n/a,0,3.6K,,n/a,n/a,51,0.02,0.31,Go to a snapshot of the SERP for qr code banao,109,1 month
qr code box,Informational,n/a,0,3.6K,,n/a,n/a,30,0.00,0.33,7,131,1 month
qr code generator online free,Informational | Commercial,n/a,0,3.6K,,n/a,n/a,90,0.08,0.17,3,133,1 month
qr code india,Informational,n/a,0,3.6K,,n/a,n/a,33,0.00,0.33,6,136,1 month
qr code quotes,Informational,n/a,0,3.6K,,n/a,n/a,26,0.00,0.33,7,133,1 month
qr code scanner online free,Informational,n/a,0,3.6K,,n/a,n/a,74,0.03,0.03,Go to a snapshot of the SERP for qr code scanner online free,106,1 month
qr code shapes,Informational,n/a,0,3.6K,,n/a,n/a,30,0.00,0.33,Go to a snapshot of the SERP for qr code shapes,135,1 month
qr print,Informational,n/a,0,3.6K,,n/a,n/a,40,0.05,0.07,4,130,1 month
qr quote,Informational,n/a,0,3.6K,,n/a,n/a,100,0.00,0.33,5,136,1 month
rectangular qr code generator,Informational,n/a,0,3.6K,,n/a,n/a,49,0.00,0.33,4,129,1 month
sample qr code to scan,Informational,n/a,0,3.6K,,n/a,n/a,36,0.00,0.33,Go to a snapshot of the SERP for sample qr code to scan,135,1 month
scan to register,Informational | Transactional,n/a,0,3.6K,,n/a,n/a,27,0.09,0.33,Go to a snapshot of the SERP for scan to register,131,1 month
simple qr code,Informational,n/a,0,3.6K,,n/a,n/a,90,0.05,0.33,4,75,1 month
web qr,Navigational,n/a,0,3.6K,,n/a,n/a,79,0.06,0.01,4,106,1 month
zepto qr code,Informational,n/a,0,3.6K,,n/a,n/a,60,0.00,0.33,5,101,1 month
activate qr code,Informational,n/a,0,2.9K,,n/a,n/a,28,0.02,0.33,6,128,1 month
awesome qr codes,Informational,n/a,0,2.9K,,n/a,n/a,35,0.00,0.33,4,133,1 month
barcode maker,Informational,n/a,0,2.9K,,n/a,n/a,65,0.12,0.01,2,105,1 month
bill qr code,Informational,n/a,0,2.9K,,n/a,n/a,29,0.00,0.33,8,118,1 month
canva qr code generator,Navigational,n/a,0,2.9K,,n/a,n/a,43,0.04,0.01,5,n/a,1 month
cool qr,Informational,n/a,0,2.9K,,n/a,n/a,54,0.00,0.33,6,136,1 month
cool qr codes,Informational,n/a,0,2.9K,,n/a,n/a,68,0.00,0.33,6,63,1 month
create qr code online,Commercial,n/a,0,2.9K,,n/a,n/a,87,0.05,0.17,Go to a snapshot of the SERP for create qr code online,134,1 month
custom qr code design,Informational,n/a,0,2.9K,,n/a,n/a,88,0.06,0.33,5,126,1 month
free barcode scanner,Informational,n/a,0,2.9K,,n/a,n/a,66,0.05,0.05,Go to a snapshot of the SERP for free barcode scanner,125,1 month
free qr code,Informational,n/a,0,2.9K,,n/a,n/a,82,0.05,0.19,4,133,1 month
generate qr code for url,Commercial,n/a,0,2.9K,,n/a,n/a,85,0.05,0.67,7,118,1 month
how to create a qr code,Informational,n/a,0,2.9K,,n/a,n/a,88,0.06,0.40,7,100,1 month
how to generate qr code,Informational,n/a,0,2.9K,,n/a,n/a,77,0.06,0.40,7,104,1 month
q r code generator,Informational | Transactional,n/a,0,2.9K,,n/a,n/a,95,0.04,0.06,5,137,1 month
qr code activation,Informational,n/a,0,2.9K,,n/a,n/a,24,0.02,0.33,6,134,1 month
qr code ai art generator,Commercial,n/a,0,2.9K,,n/a,n/a,47,0.03,0.16,Go to a snapshot of the SERP for qr code ai art generator,132,1 month
qr code download,Informational,n/a,0,2.9K,,n/a,n/a,47,0.02,0.07,Go to a snapshot of the SERP for qr code download,139,1 month
qr code jpg,Informational,n/a,0,2.9K,,n/a,n/a,42,0.00,0.33,Go to a snapshot of the SERP for qr code jpg,130,1 month
scan generator,Informational,n/a,0,2.9K,,n/a,n/a,83,0.05,0.07,3,133,1 month
sign qr code,Informational,n/a,0,2.9K,,n/a,n/a,65,0.00,0.33,6,120,1 month
tqrcg,Transactional,n/a,0,2.9K,,n/a,n/a,22,0.04,0.04,6,121,1 month
a qr,Informational,n/a,0,2.4K,,n/a,n/a,77,0.10,0.33,Go to a snapshot of the SERP for a qr,131,1 month
clothes qr code,Informational,n/a,0,2.4K,,n/a,n/a,18,0.00,0.33,7,116,1 month
codi qr,Informational,n/a,0,2.4K,,n/a,n/a,83,0.00,0.33,4,137,1 month
color qr code with logo,Informational,n/a,0,2.4K,,n/a,n/a,62,0.00,0.33,5,128,1 month
fake aadhar maker,Informational,n/a,0,2.4K,,n/a,n/a,30,0.00,0.33,3,417K,1 month
link to qr generator,Commercial,n/a,0,2.4K,,n/a,n/a,91,0.02,0.65,5,127,1 month
or code scanner,Informational,n/a,0,2.4K,,n/a,n/a,76,0.01,0.33,4,138,1 month
personal qr code,Informational,n/a,0,2.4K,,n/a,n/a,89,0.06,0.33,5,129,1 month
qr code chrome android,Informational,n/a,0,2.4K,,n/a,n/a,54,0.00,0.33,Go to a snapshot of the SERP for qr code chrome android,106,1 month
qr code for website url,Informational,n/a,0,2.4K,,n/a,n/a,83,0.04,0.02,5,114,1 month
qr code generator pdf,Commercial,n/a,0,2.4K,,n/a,n/a,28,0.03,0.30,Go to a snapshot of the SERP for qr code generator pdf,19,1 month
qr code pdf,Informational | Commercial,n/a,0,2.4K,,n/a,n/a,26,0.03,0.24,Go to a snapshot of the SERP for qr code pdf,125,1 month
qr code visiting card,Commercial,n/a,0,2.4K,,n/a,n/a,33,0.07,0.85,4,122,1 month
qr code white on black,Informational,n/a,0,2.4K,,n/a,n/a,21,0.00,0.33,9,179,1 month
qr code with number,Informational,n/a,0,2.4K,,n/a,n/a,72,0.00,0.33,3,125,1 month
qr scanner generator,Informational,n/a,0,2.4K,,n/a,n/a,76,0.05,0.09,2,135,1 month
qrexplore,Navigational,n/a,0,2.4K,,n/a,n/a,21,0.31,0.01,Go to a snapshot of the SERP for qrexplore,107,1 month
sptp,Informational,n/a,0,2.4K,,n/a,n/a,57,0.00,0.33,Go to a snapshot of the SERP for sptp,100,1 month
sptp barcode generator,Informational,n/a,0,2.4K,,n/a,n/a,59,0.23,0.01,3,105,1 month
text to qr,Commercial,n/a,0,2.4K,,n/a,n/a,76,0.02,0.19,Go to a snapshot of the SERP for text to qr,115,1 month
uid barcode,Informational,n/a,0,2.4K,,n/a,n/a,42,0.00,0.33,4,104,1 month
vin qr code,Informational,n/a,0,2.4K,,n/a,n/a,22,0.00,0.33,5,73,1 month
www qr com,Informational,n/a,0,2.4K,,n/a,n/a,82,0.05,0.05,3,99,1 month
www qrcode com,Navigational,n/a,0,2.4K,,n/a,n/a,93,0.05,0.05,4,133,1 month
a qr code,Informational,n/a,0,1.9K,,n/a,n/a,89,0.04,0.33,Go to a snapshot of the SERP for a qr code,130,1 month
amazing qr code,Informational,n/a,0,1.9K,,n/a,n/a,57,0.00,0.33,5,134,1 month
attractive qr codes,Informational,n/a,0,1.9K,,n/a,n/a,75,0.00,0.33,4,149,1 month
barcode card,Informational,n/a,0,1.9K,,n/a,n/a,35,0.00,0.33,6,95,1 month
barcode serial number,Informational,n/a,0,1.9K,,n/a,n/a,53,0.00,0.33,Go to a snapshot of the SERP for barcode serial number,107,1 month
bulk qr code generator 128,Informational,n/a,0,1.9K,,n/a,n/a,47,0.00,0.33,Go to a snapshot of the SERP for bulk qr code generator 128,122,1 month
dynamic qr code,Informational,n/a,0,1.9K,,n/a,n/a,60,0.10,0.10,7,128,1 month
location to qr code,Informational | Commercial,n/a,0,1.9K,,n/a,n/a,20,0.02,0.38,Go to a snapshot of the SERP for location to qr code,108,1 month
make qr code,Informational | Commercial,n/a,0,1.9K,,n/a,n/a,90,0.04,0.49,7,134,1 month
me qr code generator,Navigational,n/a,0,1.9K,,n/a,n/a,92,0.02,0.32,Go to a snapshot of the SERP for me qr code generator,105,1 month
model qr code,Informational,n/a,0,1.9K,,n/a,n/a,92,0.00,0.33,Go to a snapshot of the SERP for model qr code,136,1 month
npci qr code generator,Informational,n/a,0,1.9K,,n/a,n/a,23,0.00,0.33,1,68,1 month
qr card,Informational,n/a,0,1.9K,,n/a,n/a,71,0.10,0.07,6,135,1 month
qr code card,Informational,n/a,0,1.9K,,n/a,n/a,38,0.10,0.07,7,121,1 month
qr code design,Informational,n/a,0,1.9K,,n/a,n/a,80,0.04,0.18,Go to a snapshot of the SERP for qr code design,125,1 month
qr code high resolution,Informational,n/a,0,1.9K,,n/a,n/a,80,0.00,0.33,5,132,1 month
qr to link,Commercial,n/a,0,1.9K,,n/a,n/a,42,0.17,0.03,Go to a snapshot of the SERP for qr to link,131,1 month
qr website,Informational,n/a,0,1.9K,,n/a,n/a,96,0.04,0.14,4,126,1 month
sptp code,Commercial,n/a,0,1.9K,,n/a,n/a,60,0.00,0.01,3,135,1 month
the qr,Informational,n/a,0,1.9K,,n/a,n/a,91,0.06,0.01,3,130,1 month
the qr code,Informational,n/a,0,1.9K,,n/a,n/a,65,0.06,0.01,3,130,1 month
web qr code,Informational,n/a,0,1.9K,,n/a,n/a,83,0.04,0.14,3,130,1 month
you are code,Informational,n/a,0,1.9K,,n/a,n/a,77,0.05,0.31,6,132,1 month
youtube qr code generator,Informational,n/a,0,1.9K,,n/a,n/a,29,0.02,0.04,4,125,1 month
3d qr code generator,Informational,n/a,0,1.6K,,n/a,n/a,30,0.00,0.05,Go to a snapshot of the SERP for 3d qr code generator,126,1 month
barcode or qr code,Informational,n/a,0,1.6K,,n/a,n/a,40,0.00,0.33,Go to a snapshot of the SERP for barcode or qr code,98,1 month
bulk barcode scanner,Informational,n/a,0,1.6K,,n/a,n/a,46,0.26,0.06,Go to a snapshot of the SERP for bulk barcode scanner,166,1 month
circular qr code,Informational,n/a,0,1.6K,,n/a,n/a,30,0.00,0.00,6,80,1 month
download qr code image,Informational,n/a,0,1.6K,,n/a,n/a,37,0.00,0.33,Go to a snapshot of the SERP for download qr code image,81,1 month
draw qr code,Informational,n/a,0,1.6K,,n/a,n/a,90,0.00,0.00,Go to a snapshot of the SERP for draw qr code,69,1 month
facebook qr code generator free,Informational,n/a,0,1.6K,,n/a,n/a,30,0.02,0.01,5,113,1 month
google chrome qr code generator,Informational,n/a,0,1.6K,,n/a,n/a,50,0.02,0.01,Go to a snapshot of the SERP for google chrome qr code generator,103,1 month
google map qr code generator,Informational,n/a,0,1.6K,,n/a,n/a,27,0.02,0.25,Go to a snapshot of the SERP for google map qr code generator,79,1 month
link to qr code generator,Commercial,n/a,0,1.6K,,n/a,n/a,85,0.03,0.58,5,126,1 month
product qr,Informational,n/a,0,1.6K,,n/a,n/a,54,0.11,0.01,7,133,1 month
product qr code,Informational,n/a,0,1.6K,,n/a,n/a,50,0.11,0.01,6,137,1 month
q r code,Informational,n/a,0,1.6K,,n/a,n/a,83,0.02,0.02,6,134,1 month
qr code creator app,Informational,n/a,0,1.6K,,n/a,n/a,73,0.04,0.06,Go to a snapshot of the SERP for qr code creator app,159,1 month
qr code for business,Informational,n/a,0,1.6K,,n/a,n/a,37,0.24,0.04,7,136,1 month
qr code free money,Informational,n/a,0,1.6K,,n/a,n/a,54,0.00,0.33,Go to a snapshot of the SERP for qr code free money,130,1 month
qr code generator 128,Informational,n/a,0,1.6K,,n/a,n/a,59,0.58,0.01,4,115,1 month
qr code generator bulk,Informational,n/a,0,1.6K,,n/a,n/a,37,0.28,0.01,4,123,1 month
qr code generator com,Informational,n/a,0,1.6K,,n/a,n/a,81,0.02,0.31,Go to a snapshot of the SERP for qr code generator com,183,1 month
qr code google chrome,Informational,n/a,0,1.6K,,n/a,n/a,50,0.00,0.33,5,104,1 month
qr code scanner sample,Informational,n/a,0,1.6K,,n/a,n/a,50,0.00,0.33,Go to a snapshot of the SERP for qr code scanner sample,132,1 month
qr code sheet,Informational,n/a,0,1.6K,,n/a,n/a,31,0.00,0.33,6,105,1 month
qr code slip,Informational,n/a,0,1.6K,,n/a,n/a,43,0.00,0.33,Go to a snapshot of the SERP for qr code slip,112M,1 month
qr code wording,Informational,n/a,0,1.6K,,n/a,n/a,65,0.00,0.33,8,123,1 month
qr sheet,Informational,n/a,0,1.6K,,n/a,n/a,37,0.00,0.33,6,314M,1 month
qr st,Informational,n/a,0,1.6K,,n/a,n/a,55,0.00,0.33,Go to a snapshot of the SERP for qr st,1.1B,1 month
qrcode generator com,Informational,n/a,0,1.6K,,n/a,n/a,86,0.02,0.28,Go to a snapshot of the SERP for qrcode generator com,80,1 month
static qr,Informational,n/a,0,1.6K,,n/a,n/a,63,0.06,0.03,Go to a snapshot of the SERP for static qr,125,1 month
static qr code,Informational,n/a,0,1.6K,,n/a,n/a,88,0.05,0.02,Go to a snapshot of the SERP for static qr code,131,1 month
working qr code,Informational,n/a,0,1.6K,,n/a,n/a,77,0.00,0.33,8,136,1 month
address qr code generator,Informational,n/a,0,1.3K,,n/a,n/a,81,0.05,0.34,Go to a snapshot of the SERP for address qr code generator,121,1 month
amazon gift card generator,Transactional,n/a,0,1.3K,,n/a,n/a,43,0.09,0.01,1,24.4M,1 month
barcode share it,Informational,n/a,0,1.3K,,n/a,n/a,29,0.00,0.33,5,56,1 month
barcode tec it,Navigational,n/a,0,1.3K,,n/a,n/a,41,0.08,0.04,Go to a snapshot of the SERP for barcode tec it,39,1 month
copy qr code,Informational,n/a,0,1.3K,,n/a,n/a,69,0.00,0.33,6,137,1 month
create qr code eps,Informational,n/a,0,1.3K,,n/a,n/a,60,0.00,0.33,Go to a snapshot of the SERP for create qr code eps,133,1 month
custom shape qr code,Informational,n/a,0,1.3K,,n/a,n/a,25,0.00,0.33,5,134,1 month
document with qr code,Informational,n/a,0,1.3K,,n/a,n/a,28,0.00,0.33,Go to a snapshot of the SERP for document with qr code,104,1 month
fake qr code generator,Informational,n/a,0,1.3K,,n/a,n/a,96,0.00,0.33,3,135,1 month
free qr code generator google,Commercial,n/a,0,1.3K,,n/a,n/a,97,0.04,0.18,6,126,1 month
generate qr code for location,Informational,n/a,0,1.3K,,n/a,n/a,26,0.02,0.50,Go to a snapshot of the SERP for generate qr code for location,112,1 month
generator barcode,Navigational,n/a,0,1.3K,,n/a,n/a,60,0.00,0.01,4,102,1 month
gold qr codes,Informational,n/a,0,1.3K,,n/a,n/a,26,0.06,0.00,5,132,1 month
goqr,Navigational,n/a,0,1.3K,,n/a,n/a,29,0.02,0.04,Go to a snapshot of the SERP for goqr,n/a,1 month
how to make a qr code,Informational,n/a,0,1.3K,,n/a,n/a,88,0.03,0.31,Go to a snapshot of the SERP for how to make a qr code,102,1 month
manual qr code,Informational,n/a,0,1.3K,,n/a,n/a,43,0.00,0.33,Go to a snapshot of the SERP for manual qr code,112,1 month
map qr code generator,Commercial,n/a,0,1.3K,,n/a,n/a,30,0.02,0.34,Go to a snapshot of the SERP for map qr code generator,103,1 month
money qr code,Informational,n/a,0,1.3K,,n/a,n/a,49,0.00,0.33,Go to a snapshot of the SERP for money qr code,130,1 month
mr qr,Navigational,n/a,0,1.3K,,n/a,n/a,n/a,0.02,0.13,Go to a snapshot of the SERP for mr qr,n/a,1 month
new barcode generator,Informational,n/a,0,1.3K,,n/a,n/a,59,0.08,0.01,Go to a snapshot of the SERP for new barcode generator,102,1 month
or generator,Commercial,n/a,0,1.3K,,n/a,n/a,85,0.06,0.07,2,112,1 month
professional qr code generator,Informational,n/a,0,1.3K,,n/a,n/a,85,0.09,0.03,3,129,1 month
qr code for id card,Informational,n/a,0,1.3K,,n/a,n/a,24,0.00,0.33,Go to a snapshot of the SERP for qr code for id card,114,1 month
qr code generator app,Informational,n/a,0,1.3K,,n/a,n/a,74,0.05,0.08,3,149,1 month
qr code generator design,Informational,n/a,0,1.3K,,n/a,n/a,59,0.04,0.06,3,130,1 month
qr code generator eps,Commercial,n/a,0,1.3K,,n/a,n/a,75,0.00,0.33,Go to a snapshot of the SERP for qr code generator eps,113,1 month
qr code generator pro,Commercial,n/a,0,1.3K,,n/a,n/a,87,0.07,0.05,3,134,1 month
qr code generator video,Informational,n/a,0,1.3K,,n/a,n/a,32,0.02,0.13,Go to a snapshot of the SERP for qr code generator video,126,1 month
qr code hd,Informational,n/a,0,1.3K,,n/a,n/a,50,0.00,0.33,Go to a snapshot of the SERP for qr code hd,135,1 month
qr code me,Informational,n/a,0,1.3K,,n/a,n/a,92,0.01,0.05,7,135,1 month
qr code scanner generator,Informational,n/a,0,1.3K,,n/a,n/a,75,0.04,0.08,Go to a snapshot of the SERP for qr code scanner generator,137,1 month
qr me,Navigational,n/a,0,1.3K,,n/a,n/a,83,0.01,0.05,5,n/a,1 month
scan the qr code to,Informational,n/a,0,1.3K,,n/a,n/a,70,0.01,0.02,5,136,1 month
special qr codes,Informational,n/a,0,1.3K,,n/a,n/a,38,0.00,0.33,4,123,1 month
sptp generator,Informational,n/a,0,1.3K,,n/a,n/a,62,0.00,0.02,Go to a snapshot of the SERP for sptp generator,135,1 month
the barcode,Informational,n/a,0,1.3K,,n/a,n/a,46,0.00,0.02,Go to a snapshot of the SERP for the barcode,104,1 month
universal qr code generator,Commercial,n/a,0,1.3K,,n/a,n/a,28,0.24,0.03,Go to a snapshot of the SERP for universal qr code generator,96,1 month
url code png,Informational,n/a,0,1.3K,,n/a,n/a,33,0.00,0.33,Go to a snapshot of the SERP for url code png,138,1 month
barcode licence,Informational,n/a,0,1.0K,,n/a,n/a,24,0.22,0.01,Go to a snapshot of the SERP for barcode licence,104,1 month
best free qr code generator,Commercial,n/a,0,1.0K,,n/a,n/a,90,0.05,0.17,Go to a snapshot of the SERP for best free qr code generator,39,1 month
bhim qr code generator,Commercial,n/a,0,1.0K,,n/a,n/a,12,0.00,0.00,Go to a snapshot of the SERP for bhim qr code generator,57,1 month
br code generator,Navigational,n/a,0,1.0K,,n/a,n/a,69,0.22,0.01,Go to a snapshot of the SERP for br code generator,120,1 month
branded qr code,Informational,n/a,0,1.0K,,n/a,n/a,80,0.06,0.01,Go to a snapshot of the SERP for branded qr code,128,1 month
bulk barcode generator qr,Informational,n/a,0,1.0K,,n/a,n/a,37,0.15,0.01,Go to a snapshot of the SERP for bulk barcode generator qr,98,1 month
create custom qr code,Informational,n/a,0,1.0K,,n/a,n/a,84,0.04,0.03,Go to a snapshot of the SERP for create custom qr code,130,1 month
create customized qr code,Informational,n/a,0,1.0K,,n/a,n/a,83,0.06,0.01,4,126,1 month
create qr code free,Informational,n/a,0,1.0K,,n/a,n/a,85,0.05,0.25,Go to a snapshot of the SERP for create qr code free,130,1 month
create qr code vector,Informational,n/a,0,1.0K,,n/a,n/a,59,0.06,0.01,Go to a snapshot of the SERP for create qr code vector,129,1 month
dot code generator,Informational,n/a,0,1.0K,,n/a,n/a,46,0.00,0.33,3,131,1 month
dummy qr code,Informational,n/a,0,1.0K,,n/a,n/a,76,0.00,0.01,Go to a snapshot of the SERP for dummy qr code,133,1 month
fake aadhar generator,Informational,n/a,0,1.0K,,n/a,n/a,20,0.00,0.33,Go to a snapshot of the SERP for fake aadhar generator,279K,1 month
generate qr,Commercial,n/a,0,1.0K,,n/a,n/a,87,0.04,0.06,Go to a snapshot of the SERP for generate qr,133,1 month
gm qr code,Informational,n/a,0,1.0K,,n/a,n/a,13,0.00,0.33,Go to a snapshot of the SERP for gm qr code,109,1 month
google review qr code generator,Informational,n/a,0,1.0K,,n/a,n/a,47,0.03,0.16,Go to a snapshot of the SERP for google review qr code generator,86,1 month
how to generate location qr code,Informational,n/a,0,1.0K,,n/a,n/a,21,0.05,0.59,6,98,1 month
how to generate qr code for location,Informational,n/a,0,1.0K,,n/a,n/a,21,0.02,0.49,Go to a snapshot of the SERP for how to generate qr code for location,99,1 month
id barcode,Informational,n/a,0,1.0K,,n/a,n/a,54,0.27,0.33,6,106,1 month
line qr code,Informational,n/a,0,1.0K,,n/a,n/a,26,0.00,0.33,Go to a snapshot of the SERP for line qr code,94,1 month
link to scanner,Commercial,n/a,0,1.0K,,n/a,n/a,84,0.02,0.30,3,130,1 month
mi barcode,Navigational,n/a,0,1.0K,,n/a,n/a,31,0.00,0.33,Go to a snapshot of the SERP for mi barcode,52,1 month
my qr code generator,Informational,n/a,0,1.0K,,n/a,n/a,90,0.02,0.28,Go to a snapshot of the SERP for my qr code generator,136,1 month
q ar code,Informational,n/a,0,1.0K,,n/a,n/a,97,0.00,0.33,Go to a snapshot of the SERP for q ar code,130,1 month
q code,Informational,n/a,0,1.0K,,n/a,n/a,66,0.02,0.01,Go to a snapshot of the SERP for q code,137,1 month
qr code canvas,Informational,n/a,0,1.0K,,n/a,n/a,39,0.00,0.33,3,107,1 month
qr code for web link,Informational,n/a,0,1.0K,,n/a,n/a,88,0.04,0.12,Go to a snapshot of the SERP for qr code for web link,114,1 month
qr code generator by tec it,Navigational,n/a,0,1.0K,,n/a,n/a,29,0.15,0.08,6,n/a,1 month
qr code generator canva,Transactional | Navigational,n/a,0,1.0K,,n/a,n/a,38,0.08,0.01,5,n/a,1 month
qr code generator vector,Informational,n/a,0,1.0K,,n/a,n/a,75,0.06,0.01,Go to a snapshot of the SERP for qr code generator vector,79,1 month
qr code generator vector image,Informational,n/a,0,1.0K,,n/a,n/a,64,0.06,0.01,Go to a snapshot of the SERP for qr code generator vector image,138,1 month
qr code generator with link,Commercial,n/a,0,1.0K,,n/a,n/a,89,0.04,0.60,5,125,1 month
qr code generator with logo,Commercial,n/a,0,1.0K,,n/a,n/a,81,0.05,0.18,4,122,1 month
qr code of product,Informational,n/a,0,1.0K,,n/a,n/a,49,0.00,0.33,Go to a snapshot of the SERP for qr code of product,131,1 month
qr code of products,Informational,n/a,0,1.0K,,n/a,n/a,46,0.00,0.33,Go to a snapshot of the SERP for qr code of products,127,1 month
qr code real,Informational,n/a,0,1.0K,,n/a,n/a,78,0.09,0.33,5,133,1 month
qr code sign,Informational,n/a,0,1.0K,,n/a,n/a,22,0.00,0.01,5,131,1 month
qr generator vector,Commercial,n/a,0,1.0K,,n/a,n/a,60,0.06,0.01,Go to a snapshot of the SERP for qr generator vector,112,1 month
qr label,Informational,n/a,0,1.0K,,n/a,n/a,23,0.00,0.33,Go to a snapshot of the SERP for qr label,132,1 month
qr online,Informational,n/a,0,1.0K,,n/a,n/a,79,0.10,0.00,3,127,1 month
qrcodes,Informational,n/a,0,1.0K,,n/a,n/a,92,0.01,0.01,5,134,1 month
qrg code,Informational,n/a,0,1.0K,,n/a,n/a,87,0.00,0.33,Go to a snapshot of the SERP for qrg code,132,1 month
qw code,Informational,n/a,0,1.0K,,n/a,n/a,57,0.00,0.33,Go to a snapshot of the SERP for qw code,135,1 month
random barcode number generator,Informational,n/a,0,1.0K,,n/a,n/a,51,0.00,0.33,Go to a snapshot of the SERP for random barcode number generator,134,1 month
random qr code,Informational,n/a,0,1.0K,,n/a,n/a,30,0.08,0.33,7,91,1 month
real qr code,Informational,n/a,0,1.0K,,n/a,n/a,79,0.09,0.33,6,133,1 month
scan here to register,Informational | Transactional,n/a,0,1.0K,,n/a,n/a,20,0.00,0.33,Go to a snapshot of the SERP for scan here to register,125,1 month
scan maker,Informational,n/a,0,1.0K,,n/a,n/a,73,0.04,0.21,Go to a snapshot of the SERP for scan maker,134,1 month
scan qr card,Informational,n/a,0,1.0K,,n/a,n/a,77,0.00,0.33,Go to a snapshot of the SERP for scan qr card,133,1 month
scanner qr code online,Informational | Commercial,n/a,0,1.0K,,n/a,n/a,71,0.00,0.01,5,112,1 month
shop qr code,Informational,n/a,0,1.0K,,n/a,n/a,39,0.00,0.33,Go to a snapshot of the SERP for shop qr code,102,1 month
social media qr code,Informational,n/a,0,1.0K,,n/a,n/a,29,1.31,0.01,Go to a snapshot of the SERP for social media qr code,124,1 month
universal upi qr code generator,Informational,n/a,0,1.0K,,n/a,n/a,21,0.35,0.02,Go to a snapshot of the SERP for universal upi qr code generator,61,1 month
upi barcode generator,Informational,n/a,0,1.0K,,n/a,n/a,28,0.00,0.33,Go to a snapshot of the SERP for upi barcode generator,59,1 month
upi generate qr code,Commercial,n/a,0,1.0K,,n/a,n/a,25,0.00,0.33,1,63,1 month
web link to qr code,Commercial,n/a,0,1.0K,,n/a,n/a,85,0.04,0.12,Go to a snapshot of the SERP for web link to qr code,121,1 month
whatsapp qr code generator,Informational,n/a,0,1.0K,,n/a,n/a,13,0.02,0.10,Go to a snapshot of the SERP for whatsapp qr code generator,89,1 month
1d qr code,Informational,n/a,0,880,,n/a,n/a,58,0.00,0.33,Go to a snapshot of the SERP for 1d qr code,132,1 month
barcode pan card,Informational,n/a,0,880,,n/a,n/a,29,0.00,0.33,Go to a snapshot of the SERP for barcode pan card,166,1 month
cardboard barcode,Informational,n/a,0,880,,n/a,n/a,29,0.00,0.33,Go to a snapshot of the SERP for cardboard barcode,160,1 month
code generator free,Commercial,n/a,0,880,,n/a,n/a,68,0.41,0.19,Go to a snapshot of the SERP for code generator free,133,1 month
create qr code for business card,Informational,n/a,0,880,,n/a,n/a,44,0.08,0.15,Go to a snapshot of the SERP for create qr code for business card,122,1 month
create qr code for website,Informational,n/a,0,880,,n/a,n/a,83,0.07,0.22,Go to a snapshot of the SERP for create qr code for website,118,1 month
create qr code from url,Informational,n/a,0,880,,n/a,n/a,86,0.04,0.48,7,117,1 month
duplicate barcode,Navigational,n/a,0,880,,n/a,n/a,61,1.07,0.03,5,105,1 month
easy qr code,Informational,n/a,0,880,,n/a,n/a,90,0.00,0.33,8,128,1 month
flipkart gift card generator,Informational | Transactional,n/a,0,880,,n/a,n/a,23,0.17,0.01,Go to a snapshot of the SERP for flipkart gift card generator,555K,1 month
free qr,Commercial,n/a,0,880,,n/a,n/a,86,0.05,0.11,7,132,1 month
free qr code generator with logo,Informational,n/a,0,880,,n/a,n/a,83,0.04,0.18,Go to a snapshot of the SERP for free qr code generator with logo,131,1 month
free qr code scanner,Commercial,n/a,0,880,,n/a,n/a,77,0.02,0.06,4,135,1 month
iqr code,Informational,n/a,0,880,,n/a,n/a,20,0.00,0.33,Go to a snapshot of the SERP for iqr code,130,1 month
link to qr code converter,Commercial,n/a,0,880,,n/a,n/a,90,0.02,0.54,Go to a snapshot of the SERP for link to qr code converter,124,1 month
location barcode generator,Informational,n/a,0,880,,n/a,n/a,34,0.01,0.28,Go to a snapshot of the SERP for location barcode generator,87,1 month
location qr code generator free,Commercial,n/a,0,880,,n/a,n/a,41,0.02,0.25,Go to a snapshot of the SERP for location qr code generator free,18,1 month
make qr code of link,Commercial,n/a,0,880,,n/a,n/a,89,0.03,0.66,Go to a snapshot of the SERP for make qr code of link,121,1 month
micro qr code generator,Informational,n/a,0,880,,n/a,n/a,30,0.04,0.33,Go to a snapshot of the SERP for micro qr code generator,113,1 month
multiple qr code generator,Informational,n/a,0,880,,n/a,n/a,37,0.05,0.03,Go to a snapshot of the SERP for multiple qr code generator,122,1 month
my qr,Navigational,n/a,0,880,,n/a,n/a,94,0.02,0.09,4,n/a,1 month
parcel barcode,Informational,n/a,0,880,,n/a,n/a,28,0.00,0.33,Go to a snapshot of the SERP for parcel barcode,133,1 month
photo to qr code,Commercial,n/a,0,880,,n/a,n/a,30,0.01,0.32,3,126,1 month
q are code,Informational,n/a,0,880,,n/a,n/a,86,0.02,0.03,Go to a snapshot of the SERP for q are code,132,1 month
qr code 1234,Informational,n/a,0,880,,n/a,n/a,44,0.00,0.33,Go to a snapshot of the SERP for qr code 1234,156M,1 month
qr code business card generator,Commercial,n/a,0,880,,n/a,n/a,44,0.08,0.18,Go to a snapshot of the SERP for qr code business card generator,122,1 month
qr code editor,Informational,n/a,0,880,,n/a,n/a,81,0.05,0.09,6,135,1 month
qr code g,Commercial,n/a,0,880,,n/a,n/a,88,0.06,0.01,6,132,1 month
qr code generator adobe,Informational | Navigational,n/a,0,880,,n/a,n/a,37,0.53,0.01,4,102,1 month
qr code generator upi,Informational,n/a,0,880,,n/a,n/a,30,0.00,0.33,Go to a snapshot of the SERP for qr code generator upi,61,1 month
qr code grid,Informational,n/a,0,880,,n/a,n/a,39,0.00,0.33,Go to a snapshot of the SERP for qr code grid,129,1 month
qr code html,Informational,n/a,0,880,,n/a,n/a,32,0.00,0.33,Go to a snapshot of the SERP for qr code html,38,1 month
qr code id,Informational,n/a,0,880,,n/a,n/a,70,0.00,0.33,7,1.5B,1 month
qr code maker free,Commercial,n/a,0,880,,n/a,n/a,79,0.04,0.43,Go to a snapshot of the SERP for qr code maker free,134,1 month
qr code test page,Informational,n/a,0,880,,n/a,n/a,76,0.00,0.33,Go to a snapshot of the SERP for qr code test page,124,1 month
qr code with name,Commercial,n/a,0,880,,n/a,n/a,80,0.01,0.33,Go to a snapshot of the SERP for qr code with name,131,1 month
qr creator,Commercial,n/a,0,880,,n/a,n/a,86,0.04,0.29,Go to a snapshot of the SERP for qr creator,20,1 month
qr g,Informational | Commercial,n/a,0,880,,n/a,n/a,86,0.04,0.03,4,137,1 month
qr html,Informational,n/a,0,880,,n/a,n/a,55,0.00,0.33,Go to a snapshot of the SERP for qr html,108,1 month
qr id,Informational,n/a,0,880,,n/a,n/a,82,0.00,0.33,6,1.6B,1 month
quick qr,Navigational,n/a,0,880,,n/a,n/a,34,0.02,0.19,4,58,1 month
quick qr code,Navigational,n/a,0,880,,n/a,n/a,39,0.02,0.19,Go to a snapshot of the SERP for quick qr code,134,1 month
static qr code generator,Informational,n/a,0,880,,n/a,n/a,80,0.05,0.37,Go to a snapshot of the SERP for static qr code generator,129,1 month
the barcode generator,Informational,n/a,0,880,,n/a,n/a,57,0.61,0.01,3,107,1 month
white qr code,Informational,n/a,0,880,,n/a,n/a,34,0.00,0.33,Go to a snapshot of the SERP for white qr code,99,1 month
www the qr code generate,Informational,n/a,0,880,,n/a,n/a,86,0.03,0.05,4,133,1 month
ybl qr code generator,Informational,n/a,0,880,,n/a,n/a,30,0.69,0.01,3,87,1 month
ai qr code generator,Commercial,n/a,0,720,,n/a,n/a,68,0.06,0.23,3,125,1 month
barcode generator from link,Commercial,n/a,0,720,,n/a,n/a,58,0.06,0.07,4,96,1 month
barcode scanner generator,Navigational,n/a,0,720,,n/a,n/a,50,0.05,0.01,Go to a snapshot of the SERP for barcode scanner generator,173,1 month
best qr code generator,Commercial,n/a,0,720,,n/a,n/a,63,0.08,0.27,Go to a snapshot of the SERP for best qr code generator,124,1 month
blinkit qr code generator,Commercial,n/a,0,720,,n/a,n/a,26,0.30,0.01,Go to a snapshot of the SERP for blinkit qr code generator,104,1 month
contact qr code generator,Commercial,n/a,0,720,,n/a,n/a,78,0.06,0.25,5,112,1 month
convert url to qr code,Informational,n/a,0,720,,n/a,n/a,83,0.04,0.59,Go to a snapshot of the SERP for convert url to qr code,117,1 month
create qr code for location,Informational,n/a,0,720,,n/a,n/a,30,0.02,0.50,5,107,1 month
dbl qr code generator,Informational,n/a,0,720,,n/a,n/a,25,0.00,0.33,Go to a snapshot of the SERP for dbl qr code generator,113,1 month
free upi qr code generator,Informational,n/a,0,720,,n/a,n/a,30,0.45,0.01,Go to a snapshot of the SERP for free upi qr code generator,63,1 month
gogr,Informational,n/a,0,720,,n/a,n/a,32,0.00,0.03,Go to a snapshot of the SERP for gogr,105,1 month
google barcode generator,Navigational,n/a,0,720,,n/a,n/a,57,0.12,0.01,4,130,1 month
halftone qr code generator,Informational,n/a,0,720,,n/a,n/a,23,0.00,0.33,Go to a snapshot of the SERP for halftone qr code generator,102,1 month
how to create qr code for website,Informational,n/a,0,720,,n/a,n/a,84,0.07,0.27,Go to a snapshot of the SERP for how to create qr code for website,19,1 month
how to make a qr code for a website,Informational,n/a,0,720,,n/a,n/a,77,0.07,0.19,Go to a snapshot of the SERP for how to make a qr code for a website,103,1 month
link convert to qr code,Informational,n/a,0,720,,n/a,n/a,83,0.03,0.47,Go to a snapshot of the SERP for link convert to qr code,125,1 month
link to barcode generator,Informational | Commercial,n/a,0,720,,n/a,n/a,66,0.02,0.39,Go to a snapshot of the SERP for link to barcode generator,104,1 month
me code,Informational | Navigational,n/a,0,720,,n/a,n/a,44,0.03,0.03,Go to a snapshot of the SERP for me code,137,1 month
minimalist qr code,Informational,n/a,0,720,,n/a,n/a,17,0.00,0.33,Go to a snapshot of the SERP for minimalist qr code,91,1 month
mobile barcode,Informational,n/a,0,720,,n/a,n/a,60,0.00,0.33,5,106,1 month
mrp barcode,Informational,n/a,0,720,,n/a,n/a,21,0.09,0.20,Go to a snapshot of the SERP for mrp barcode,108,1 month
phonepe qr code generator,Informational,n/a,0,720,,n/a,n/a,28,0.00,0.33,Go to a snapshot of the SERP for phonepe qr code generator,100,1 month
qr bulk code generator,Informational,n/a,0,720,,n/a,n/a,n/a,0.00,0.01,Go to a snapshot of the SERP for qr bulk code generator,123,1 month
qr code ai,Informational,n/a,0,720,,n/a,n/a,46,0.05,0.04,Go to a snapshot of the SERP for qr code ai,124,1 month
qr code generator chrome,Informational,n/a,0,720,,n/a,n/a,57,0.06,0.01,Go to a snapshot of the SERP for qr code generator chrome,120,1 month
qr code generator for google forms,Informational,n/a,0,720,,n/a,n/a,38,0.02,0.16,Go to a snapshot of the SERP for qr code generator for google forms,92,1 month
qr code generator text,Informational | Commercial,n/a,0,720,,n/a,n/a,74,0.02,0.23,Go to a snapshot of the SERP for qr code generator text,126,1 month
qr code generator tool,Commercial,n/a,0,720,,n/a,n/a,91,0.13,0.06,Go to a snapshot of the SERP for qr code generator tool,133,1 month
qr code module,Informational,n/a,0,720,,n/a,n/a,73,0.00,0.33,Go to a snapshot of the SERP for qr code module,130,1 month
qr code money.com,Informational,n/a,0,720,,n/a,n/a,70,0.00,0.33,3,95,1 month
qr code t,Informational,n/a,0,720,,n/a,n/a,90,0.00,0.33,Go to a snapshot of the SERP for qr code t,131,1 month
qr code video,Informational,n/a,0,720,,n/a,n/a,30,0.02,0.04,Go to a snapshot of the SERP for qr code video,106,1 month
qr code with text below,Informational,n/a,0,720,,n/a,n/a,59,0.00,0.33,Go to a snapshot of the SERP for qr code with text below,118,1 month
qr explorer,Navigational,n/a,0,720,,n/a,n/a,57,0.00,0.30,Go to a snapshot of the SERP for qr explorer,108,1 month
qr to text,Informational,n/a,0,720,,n/a,n/a,52,0.00,0.00,Go to a snapshot of the SERP for qr to text,18,1 month
qrme,Commercial,n/a,0,720,,n/a,n/a,37,0.02,0.24,3,128,1 month
random qr code png,Informational,n/a,0,720,,n/a,n/a,32,0.00,0.33,Go to a snapshot of the SERP for random qr code png,80,1 month
rugged barcode generator,Informational,n/a,0,720,,n/a,n/a,57,0.00,0.01,2,97,1 month
scan me qr code,Navigational,n/a,0,720,,n/a,n/a,67,0.04,0.06,3,104,1 month
sptp code generator,Informational,n/a,0,720,,n/a,n/a,57,0.47,0.04,Go to a snapshot of the SERP for sptp code generator,139,1 month
sptp qr code generator,Informational,n/a,0,720,,n/a,n/a,52,0.00,0.33,Go to a snapshot of the SERP for sptp qr code generator,133,1 month
tem qr code,Informational,n/a,0,720,,n/a,n/a,12,0.00,0.33,Go to a snapshot of the SERP for tem qr code,109,1 month
unique qr code generator,Informational,n/a,0,720,,n/a,n/a,65,0.05,0.08,Go to a snapshot of the SERP for unique qr code generator,132,1 month
upi to qr code generator,Informational,n/a,0,720,,n/a,n/a,25,0.00,0.33,4,81,1 month
url code scanner,Informational,n/a,0,720,,n/a,n/a,77,0.00,0.33,4,136,1 month
url generator,Informational | Commercial,n/a,0,720,,n/a,n/a,75,0.06,0.03,Go to a snapshot of the SERP for url generator,121,1 month
whatsapp qr code generator free,Commercial,n/a,0,720,,n/a,n/a,17,0.02,0.38,5,120,1 month
add qr code,Informational,n/a,0,590,,n/a,n/a,90,0.07,0.01,Go to a snapshot of the SERP for add qr code,37,1 month
amazon gift code generator apk,Transactional | Navigational,n/a,0,590,,n/a,n/a,36,0.00,0.33,1,1.8K,1 month
bbm qr code,Informational,n/a,0,590,,n/a,n/a,23,0.00,0.33,Go to a snapshot of the SERP for bbm qr code,74,1 month
bulk qr barcode generator,Informational,n/a,0,590,,n/a,n/a,43,0.00,0.01,Go to a snapshot of the SERP for bulk qr barcode generator,128,1 month
cod qr,Informational,n/a,0,590,,n/a,n/a,88,0.00,0.33,Go to a snapshot of the SERP for cod qr,131,1 month
codice qr,Informational,n/a,0,590,,n/a,n/a,78,0.00,0.00,Go to a snapshot of the SERP for codice qr,135,1 month
create contact qr code,Informational,n/a,0,590,,n/a,n/a,35,0.06,0.25,Go to a snapshot of the SERP for create contact qr code,115,1 month
create scan qr code,Commercial,n/a,0,590,,n/a,n/a,85,0.04,0.17,Go to a snapshot of the SERP for create scan qr code,107,1 month
custom qr,Commercial,n/a,0,590,,n/a,n/a,84,0.05,0.44,Go to a snapshot of the SERP for custom qr,20,1 month
discard credit card generator,Informational,n/a,0,590,,n/a,n/a,47,0.00,0.33,0,637K,1 month
dummy barcode,Navigational,n/a,0,590,,n/a,n/a,63,0.00,0.01,Go to a snapshot of the SERP for dummy barcode,165,1 month
dynamic qr,Informational | Commercial,n/a,0,590,,n/a,n/a,41,0.11,0.07,4,133,1 month
fake id maker aadhar card,Informational,n/a,0,590,,n/a,n/a,30,0.01,0.27,2,439,1 month
fancy qr code generator,Commercial,n/a,0,590,,n/a,n/a,82,0.04,0.16,3,135,1 month
generate qr code for google map location,Informational,n/a,0,590,,n/a,n/a,23,0.04,0.46,4,90,1 month
generate upi qr code,Commercial,n/a,0,590,,n/a,n/a,29,0.79,0.05,Go to a snapshot of the SERP for generate upi qr code,59,1 month
go qr code,Navigational,n/a,0,590,,n/a,n/a,73,0.24,0.02,4,130,1 month
google form qr code generator,Informational,n/a,0,590,,n/a,n/a,36,0.03,0.30,8,112,1 month
how to create a qr code free,Informational,n/a,0,590,,n/a,n/a,86,0.06,0.21,Go to a snapshot of the SERP for how to create a qr code free,115,1 month
how to create a qr code with logo,Informational,n/a,0,590,,n/a,n/a,65,0.00,0.33,Go to a snapshot of the SERP for how to create a qr code with logo,113,1 month
how to create qr code for a link,Informational,n/a,0,590,,n/a,n/a,83,0.04,0.62,Go to a snapshot of the SERP for how to create qr code for a link,105,1 month
how to create qr code with logo,Informational,n/a,0,590,,n/a,n/a,63,0.00,0.33,Go to a snapshot of the SERP for how to create qr code with logo,112,1 month
how to generate qr code for google form,Informational,n/a,0,590,,n/a,n/a,36,0.03,0.46,Go to a snapshot of the SERP for how to generate qr code for google form,94,1 month
how to make qr code with logo,Informational,n/a,0,590,,n/a,n/a,67,0.00,0.33,Go to a snapshot of the SERP for how to make qr code with logo,113,1 month
item qr codes,Informational,n/a,0,590,,n/a,n/a,62,0.00,0.33,Go to a snapshot of the SERP for item qr codes,129,1 month
jpg to qr code,Commercial,n/a,0,590,,n/a,n/a,26,0.02,0.12,Go to a snapshot of the SERP for jpg to qr code,126,1 month
kur code,Informational,n/a,0,590,,n/a,n/a,83,0.00,0.05,Go to a snapshot of the SERP for kur code,159,1 month
line qr code generator,Informational,n/a,0,590,,n/a,n/a,70,0.00,0.01,Go to a snapshot of the SERP for line qr code generator,133,1 month
link to qr code free,Commercial,n/a,0,590,,n/a,n/a,86,0.03,0.46,3,128,1 month
little qr code,Informational,n/a,0,590,,n/a,n/a,68,0.00,0.33,Go to a snapshot of the SERP for little qr code,20,1 month
make a qr code for a link,Commercial,n/a,0,590,,n/a,n/a,83,0.04,0.57,7,121,1 month
make qr code for location,Informational,n/a,0,590,,n/a,n/a,27,0.02,0.52,Go to a snapshot of the SERP for make qr code for location,103,1 month
monster hunter stories qr code generator,Informational,n/a,0,590,,n/a,n/a,21,0.00,0.33,Go to a snapshot of the SERP for monster hunter stories qr code generator,80,1 month
mã qr,Informational,n/a,0,590,,n/a,n/a,75,0.02,0.14,6,126,1 month
number to qr code generator,Informational,n/a,0,590,,n/a,n/a,70,0.05,0.13,Go to a snapshot of the SERP for number to qr code generator,131,1 month
online barcode generator multiple,Informational,n/a,0,590,,n/a,n/a,50,2.15,0.01,3,99,1 month
qr api,Informational,n/a,0,590,,n/a,n/a,36,0.09,0.05,5,133,1 month
qr code chrome,Informational,n/a,0,590,,n/a,n/a,41,0.00,0.33,Go to a snapshot of the SERP for qr code chrome,102,1 month
qr code converter,Informational,n/a,0,590,,n/a,n/a,87,0.04,0.17,Go to a snapshot of the SERP for qr code converter,134,1 month
qr code for this phone,Informational,n/a,0,590,,n/a,n/a,49,0.02,0.02,Go to a snapshot of the SERP for qr code for this phone,112,1 month
qr code generator for location free,Informational,n/a,0,590,,n/a,n/a,41,0.02,0.35,3,118,1 month
qr code generator png,Informational,n/a,0,590,,n/a,n/a,94,0.05,0.05,4,115,1 month
qr code image,Informational,n/a,0,590,,n/a,n/a,39,0.02,0.01,4,135,1 month
qr code number,Informational,n/a,0,590,,n/a,n/a,70,0.08,0.01,Go to a snapshot of the SERP for qr code number,130,1 month
qr code sign in,Transactional,n/a,0,590,,n/a,n/a,46,0.00,0.33,Go to a snapshot of the SERP for qr code sign in,130,1 month
qr code t shirt,Informational | Commercial,n/a,0,590,,n/a,n/a,18,0.00,0.08,8,185,1 month
qr code to text,Informational,n/a,0,590,,n/a,n/a,65,0.00,0.33,Go to a snapshot of the SERP for qr code to text,120,1 month
qr code typography,Informational,n/a,0,590,,n/a,n/a,25,0.00,0.33,Go to a snapshot of the SERP for qr code typography,119,1 month
qr code validity,Informational,n/a,0,590,,n/a,n/a,24,0.00,0.33,Go to a snapshot of the SERP for qr code validity,127,1 month
qr com,Navigational,n/a,0,590,,n/a,n/a,85,0.01,0.15,Go to a snapshot of the SERP for qr com,136,1 month
qr from link,Commercial,n/a,0,590,,n/a,n/a,86,0.03,0.56,4,125,1 month
qr generator chrome,Informational,n/a,0,590,,n/a,n/a,42,0.05,0.01,4,115,1 month
qr scanner chrome,Informational,n/a,0,590,,n/a,n/a,55,0.02,0.03,Go to a snapshot of the SERP for qr scanner chrome,127,1 month
qr setup code,Informational,n/a,0,590,,n/a,n/a,62,0.00,0.33,Go to a snapshot of the SERP for qr setup code,121,1 month
qrcode generator online,Commercial,n/a,0,590,,n/a,n/a,97,0.04,0.26,Go to a snapshot of the SERP for qrcode generator online,132,1 month
scannable qr code generator,Informational,n/a,0,590,,n/a,n/a,92,0.04,0.15,5,61,1 month
uc barcode,Informational,n/a,0,590,,n/a,n/a,51,0.69,0.04,Go to a snapshot of the SERP for uc barcode,100,1 month
vcard qr code generator,Informational,n/a,0,590,,n/a,n/a,29,0.05,0.15,Go to a snapshot of the SERP for vcard qr code generator,104,1 month
visual qr code generator,Informational,n/a,0,590,,n/a,n/a,72,0.00,0.33,Go to a snapshot of the SERP for visual qr code generator,132,1 month
xxxqr,Informational,n/a,0,590,,n/a,n/a,12,0.00,0.33,Go to a snapshot of the SERP for xxxqr,105,1 month
bhim upi qr code generator,Informational,n/a,0,480,,n/a,n/a,29,0.00,0.33,3,69,1 month
black qr code,Informational,n/a,0,480,,n/a,n/a,57,0.00,0.33,Go to a snapshot of the SERP for black qr code,139,1 month
blank qr code,Informational,n/a,0,480,,n/a,n/a,68,0.00,0.02,Go to a snapshot of the SERP for blank qr code,132,1 month
bulk qr code scanner,Informational,n/a,0,480,,n/a,n/a,36,0.00,0.01,Go to a snapshot of the SERP for bulk qr code scanner,127,1 month
canvas code generator,Informational | Navigational,n/a,0,480,,n/a,n/a,64,0.00,0.02,6,104,1 month
cd qr code,Informational,n/a,0,480,,n/a,n/a,13,0.00,0.33,Go to a snapshot of the SERP for cd qr code,131,1 month
code qr code,Informational,n/a,0,480,,n/a,n/a,88,0.00,0.33,8,136,1 month
color qr code generator,Commercial,n/a,0,480,,n/a,n/a,85,0.02,0.12,Go to a snapshot of the SERP for color qr code generator,129,1 month
convert location to qr code,Informational,n/a,0,480,,n/a,n/a,27,0.02,0.49,Go to a snapshot of the SERP for convert location to qr code,105,1 month
create qr code for location free,Commercial,n/a,0,480,,n/a,n/a,31,0.03,0.43,4,109,1 month
creative qr codes,Informational,n/a,0,480,,n/a,n/a,33,0.05,0.02,Go to a snapshot of the SERP for creative qr codes,131,1 month
custom qr code generator with logo,Commercial,n/a,0,480,,n/a,n/a,64,0.06,0.04,Go to a snapshot of the SERP for custom qr code generator with logo,20,1 month
custom qr code with logo,Informational,n/a,0,480,,n/a,n/a,68,0.05,0.02,Go to a snapshot of the SERP for custom qr code with logo,124,1 month
dragon ball legends qr code generator,Informational,n/a,0,480,,n/a,n/a,24,0.00,0.33,5,107,1 month
dummy qr,Informational,n/a,0,480,,n/a,n/a,90,0.00,0.01,Go to a snapshot of the SERP for dummy qr,134,1 month
esim qr code generator,Informational,n/a,0,480,,n/a,n/a,27,0.00,0.01,Go to a snapshot of the SERP for esim qr code generator,117,1 month
fake id maker pan card,Informational,n/a,0,480,,n/a,n/a,25,0.32,0.00,3,6.9M,1 month
free amazon gift card generator,Transactional,n/a,0,480,,n/a,n/a,33,0.00,0.01,Go to a snapshot of the SERP for free amazon gift card generator,24M,1 month
free money qr code,Informational,n/a,0,480,,n/a,n/a,77,0.00,0.33,Go to a snapshot of the SERP for free money qr code,32,1 month
free qr code generator for lifetime,Informational,n/a,0,480,,n/a,n/a,79,0.05,0.47,5,125,1 month
generate location qr code,Informational,n/a,0,480,,n/a,n/a,17,0.02,0.50,Go to a snapshot of the SERP for generate location qr code,113,1 month
google map qr code generator free,Informational,n/a,0,480,,n/a,n/a,32,0.02,0.27,4,114,1 month
gr scan,Informational,n/a,0,480,,n/a,n/a,76,0.02,0.33,Go to a snapshot of the SERP for gr scan,107,1 month
how to convert location to qr code,Informational,n/a,0,480,,n/a,n/a,21,0.02,0.53,Go to a snapshot of the SERP for how to convert location to qr code,100,1 month
how to create a qr code for a link,Informational,n/a,0,480,,n/a,n/a,40,0.05,0.59,Go to a snapshot of the SERP for how to create a qr code for a link,19,1 month
how to create barcode,Informational,n/a,0,480,,n/a,n/a,57,0.03,0.17,Go to a snapshot of the SERP for how to create barcode,107,1 month
how to generate barcode for product,Informational,n/a,0,480,,n/a,n/a,50,0.07,0.41,6,101,1 month
how to generate qr code for google review,Commercial,n/a,0,480,,n/a,n/a,40,0.03,0.19,7,101,1 month
image to qr,Informational,n/a,0,480,,n/a,n/a,29,0.02,0.08,Go to a snapshot of the SERP for image to qr,126,1 month
insert qr code,Informational,n/a,0,480,,n/a,n/a,76,0.05,0.01,Go to a snapshot of the SERP for insert qr code,122,1 month
instagram qr code generator,Commercial,n/a,0,480,,n/a,n/a,30,0.02,0.22,Go to a snapshot of the SERP for instagram qr code generator,118,1 month
jio barcode,Navigational,n/a,0,480,,n/a,n/a,28,0.00,0.33,Go to a snapshot of the SERP for jio barcode,101,1 month
ma qr code,Navigational,n/a,0,480,,n/a,n/a,77,0.02,0.01,Go to a snapshot of the SERP for ma qr code,137,1 month
mobiledemand barcode,Transactional | Navigational,n/a,0,480,,n/a,n/a,30,0.00,0.01,3,141,1 month
mr qr code,Commercial,n/a,0,480,,n/a,n/a,83,0.02,0.21,Go to a snapshot of the SERP for mr qr code,60,1 month
myqr,Navigational,n/a,0,480,,n/a,n/a,36,0.04,0.23,4,132,1 month
myqrcode,Navigational,n/a,0,480,,n/a,n/a,49,0.05,0.43,4,138,1 month
new qr code,Informational,n/a,0,480,,n/a,n/a,90,0.02,0.08,Go to a snapshot of the SERP for new qr code,132,1 month
oq code,Informational,n/a,0,480,,n/a,n/a,90,0.02,0.01,6,132,1 month
permanent qr code generator,Informational,n/a,0,480,,n/a,n/a,89,0.06,0.64,6,125,1 month
photo to qr code generator,Commercial,n/a,0,480,,n/a,n/a,27,0.01,0.42,Go to a snapshot of the SERP for photo to qr code generator,122,1 month
qr code bag,Commercial,n/a,0,480,,n/a,n/a,17,0.00,0.33,Go to a snapshot of the SERP for qr code bag,230M,1 month
qr code batch,Informational,n/a,0,480,,n/a,n/a,32,0.00,0.01,Go to a snapshot of the SERP for qr code batch,120,1 month
qr code bill,Informational,n/a,0,480,,n/a,n/a,23,0.00,0.33,7,104,1 month
qr code eps free,Informational,n/a,0,480,,n/a,n/a,83,0.00,0.33,Go to a snapshot of the SERP for qr code eps free,n/a,1 month
qr code for scanning,Informational,n/a,0,480,,n/a,n/a,73,0.01,0.33,Go to a snapshot of the SERP for qr code for scanning,137,1 month
qr code format,Informational,n/a,0,480,,n/a,n/a,45,0.00,0.33,Go to a snapshot of the SERP for qr code format,20,1 month
qr code generator from link,Commercial,n/a,0,480,,n/a,n/a,89,0.04,0.64,5,126,1 month
qr code jpeg,Informational,n/a,0,480,,n/a,n/a,37,0.00,0.33,4,130,1 month
qr code library,Informational,n/a,0,480,,n/a,n/a,74,0.00,0.33,6,136,1 month
qr code login,Transactional | Navigational,n/a,0,480,,n/a,n/a,38,0.00,0.33,Go to a snapshot of the SERP for qr code login,133,1 month
qr code notice,Informational,n/a,0,480,,n/a,n/a,20,0.00,0.33,Go to a snapshot of the SERP for qr code notice,131,1 month
qr code photo,Informational,n/a,0,480,,n/a,n/a,23,0.01,0.01,Go to a snapshot of the SERP for qr code photo,132,1 month
qr code random generator,Informational,n/a,0,480,,n/a,n/a,52,0.09,0.06,Go to a snapshot of the SERP for qr code random generator,126,1 month
qr code substitute,Informational,n/a,0,480,,n/a,n/a,19,0.00,0.33,Go to a snapshot of the SERP for qr code substitute,125,1 month
qr code template,Informational,n/a,0,480,,n/a,n/a,27,0.08,0.01,5,126,1 month
qr code to link converter,Commercial,n/a,0,480,,n/a,n/a,43,0.24,0.04,Go to a snapshot of the SERP for qr code to link converter,115,1 month
qr company,Informational,n/a,0,480,,n/a,n/a,63,0.04,0.06,Go to a snapshot of the SERP for qr company,137,1 month
qr eps,Informational,n/a,0,480,,n/a,n/a,39,0.00,0.33,Go to a snapshot of the SERP for qr eps,106,1 month
qr format,Informational,n/a,0,480,,n/a,n/a,53,0.00,0.33,8,133,1 month
qr logo,Informational,n/a,0,480,,n/a,n/a,43,0.13,0.05,Go to a snapshot of the SERP for qr logo,133,1 month
qr scanner online free,Informational,n/a,0,480,,n/a,n/a,71,0.03,0.04,2,97,1 month
qr upi code generator,Informational,n/a,0,480,,n/a,n/a,24,0.00,0.33,Go to a snapshot of the SERP for qr upi code generator,62,1 month
qrcode support,Informational,n/a,0,480,,n/a,n/a,77,0.13,0.03,Go to a snapshot of the SERP for qrcode support,133,1 month
random qr codes to scan,Informational,n/a,0,480,,n/a,n/a,44,0.00,0.33,Go to a snapshot of the SERP for random qr codes to scan,111,1 month
round qr code generator,Commercial,n/a,0,480,,n/a,n/a,50,0.00,0.33,Go to a snapshot of the SERP for round qr code generator,75,1 month
scan code generator,Commercial,n/a,0,480,,n/a,n/a,77,0.04,0.07,Go to a snapshot of the SERP for scan code generator,138,1 month
scan creator,Commercial,n/a,0,480,,n/a,n/a,86,0.02,0.29,Go to a snapshot of the SERP for scan creator,137,1 month
scan qr code for location,Informational,n/a,0,480,,n/a,n/a,26,0.02,0.09,6,102,1 month
scan qr code quotes,Informational,n/a,0,480,,n/a,n/a,19,0.00,0.33,Go to a snapshot of the SERP for scan qr code quotes,118,1 month
scan qr line,Informational,n/a,0,480,,n/a,n/a,75,0.00,0.33,5,131,1 month
scan qr online free,Informational,n/a,0,480,,n/a,n/a,n/a,0.04,0.02,4,104,1 month
test qr code online,Informational,n/a,0,480,,n/a,n/a,73,0.00,0.33,Go to a snapshot of the SERP for test qr code online,19,1 month
the qr generator,Navigational,n/a,0,480,,n/a,n/a,93,0.41,0.14,Go to a snapshot of the SERP for the qr generator,n/a,1 month
upi qr code generator free,Commercial,n/a,0,480,,n/a,n/a,24,0.00,0.33,3,75,1 month
upi qr code generator with amount,Informational,n/a,0,480,,n/a,n/a,22,0.00,0.33,3,82,1 month
visual qr code,Informational | Transactional,n/a,0,480,,n/a,n/a,57,0.00,0.33,Go to a snapshot of the SERP for visual qr code,134,1 month
20 pt qr codes,Informational,n/a,0,390,,n/a,n/a,26,0.00,0.33,8,98,1 month
3d barcode generator,Informational,n/a,0,390,,n/a,n/a,58,0.00,0.01,Go to a snapshot of the SERP for 3d barcode generator,104,1 month
3d barcode maker,Informational,n/a,0,390,,n/a,n/a,57,0.00,0.01,Go to a snapshot of the SERP for 3d barcode maker,106,1 month
aadhaar maker,Informational,n/a,0,390,,n/a,n/a,34,0.00,0.00,1,2.5M,1 month
active qr code,Informational,n/a,0,390,,n/a,n/a,83,0.00,0.33,Go to a snapshot of the SERP for active qr code,136,1 month
address to qr code,Informational,n/a,0,390,,n/a,n/a,47,0.04,0.39,Go to a snapshot of the SERP for address to qr code,106,1 month
amazon voucher code generator,Commercial,n/a,0,390,,n/a,n/a,30,0.00,0.33,5,9M,1 month
artistic qr code generator,Informational,n/a,0,390,,n/a,n/a,40,0.05,0.04,Go to a snapshot of the SERP for artistic qr code generator,129,1 month
barcode address,Transactional,n/a,0,390,,n/a,n/a,48,0.03,0.33,Go to a snapshot of the SERP for barcode address,97,1 month
barcode generator app,Informational,n/a,0,390,,n/a,n/a,43,0.02,0.05,Go to a snapshot of the SERP for barcode generator app,136,1 month
barcode message,Informational,n/a,0,390,,n/a,n/a,50,0.00,0.33,5,108,1 month
barcode no,Informational,n/a,0,390,,n/a,n/a,62,0.28,0.05,Go to a snapshot of the SERP for barcode no,80,1 month
batch qr code generator,Informational,n/a,0,390,,n/a,n/a,43,0.27,0.01,Go to a snapshot of the SERP for batch qr code generator,119,1 month
code qr,Informational,n/a,0,390,,n/a,n/a,92,0.00,0.33,Go to a snapshot of the SERP for code qr,137,1 month
create 3d barcode,Informational,n/a,0,390,,n/a,n/a,77,0.00,0.01,Go to a snapshot of the SERP for create 3d barcode,108,1 month
create my qr code,Informational,n/a,0,390,,n/a,n/a,89,0.03,0.50,5,131,1 month
different qr codes,Informational,n/a,0,390,,n/a,n/a,40,0.00,0.33,Go to a snapshot of the SERP for different qr codes,129,1 month
doc qr code,Informational,n/a,0,390,,n/a,n/a,24,0.04,0.01,Go to a snapshot of the SERP for doc qr code,118,1 month
document qr code,Informational,n/a,0,390,,n/a,n/a,37,0.05,0.01,Go to a snapshot of the SERP for document qr code,54,1 month
dummy qr code png,Informational,n/a,0,390,,n/a,n/a,62,0.00,0.33,4,135,1 month
dynamic qr code generator,Informational,n/a,0,390,,n/a,n/a,75,0.08,0.07,Go to a snapshot of the SERP for dynamic qr code generator,133,1 month
excel qr code generator,Informational,n/a,0,390,,n/a,n/a,23,0.00,0.33,5,107,1 month
free qr code generator for location,Commercial,n/a,0,390,,n/a,n/a,39,0.04,0.51,4,118,1 month
generate qr code for google form,Informational,n/a,0,390,,n/a,n/a,45,0.02,0.50,Go to a snapshot of the SERP for generate qr code for google form,80,1 month
github qr code generator,Transactional | Navigational,n/a,0,390,,n/a,n/a,40,0.00,0.33,2,109,1 month
how to create a barcode for a product,Informational,n/a,0,390,,n/a,n/a,55,0.06,0.38,Go to a snapshot of the SERP for how to create a barcode for a product,107,1 month
how to generate qr code in excel,Informational,n/a,0,390,,n/a,n/a,30,0.11,0.01,7,106,1 month
how to make a scan code,Informational,n/a,0,390,,n/a,n/a,83,0.03,0.33,7,101,1 month
how to make a scanner,Informational,n/a,0,390,,n/a,n/a,70,0.02,0.13,8,107,1 month
how to make barcode for product,Informational,n/a,0,390,,n/a,n/a,37,0.06,0.38,Go to a snapshot of the SERP for how to make barcode for product,107,1 month
how to make qr code for link,Informational,n/a,0,390,,n/a,n/a,83,0.03,0.35,Go to a snapshot of the SERP for how to make qr code for link,50,1 month
id card barcode,Informational,n/a,0,390,,n/a,n/a,55,0.00,0.33,Go to a snapshot of the SERP for id card barcode,82,1 month
irctc barcode,Informational,n/a,0,390,,n/a,n/a,27,0.00,0.33,Go to a snapshot of the SERP for irctc barcode,108,1 month
link to qr converter,Commercial,n/a,0,390,,n/a,n/a,77,0.03,0.56,Go to a snapshot of the SERP for link to qr converter,20,1 month
location qr code scanner,Informational,n/a,0,390,,n/a,n/a,30,0.02,0.20,3,108,1 month
make my qr code,Informational,n/a,0,390,,n/a,n/a,90,0.03,0.41,Go to a snapshot of the SERP for make my qr code,136,1 month
new qr code generator,Commercial,n/a,0,390,,n/a,n/a,90,0.03,0.27,3,136,1 month
no qr code,Informational,n/a,0,390,,n/a,n/a,68,0.00,0.33,6,130,1 month
q are code scan,Informational,n/a,0,390,,n/a,n/a,75,0.03,0.28,5,139,1 month
qr code art generator,Commercial,n/a,0,390,,n/a,n/a,40,0.05,0.04,Go to a snapshot of the SERP for qr code art generator,133,1 month
qr code banana,Informational,n/a,0,390,,n/a,n/a,50,0.01,0.18,Go to a snapshot of the SERP for qr code banana,72.6M,1 month
qr code builder,Informational,n/a,0,390,,n/a,n/a,84,0.08,0.02,2,131,1 month
qr code creator free download,Commercial,n/a,0,390,,n/a,n/a,77,0.05,0.08,Go to a snapshot of the SERP for qr code creator free download,135,1 month
qr code details,Informational,n/a,0,390,,n/a,n/a,75,0.00,0.01,Go to a snapshot of the SERP for qr code details,126,1 month
qr code document,Informational,n/a,0,390,,n/a,n/a,35,0.04,0.01,Go to a snapshot of the SERP for qr code document,120,1 month
qr code eps,Informational,n/a,0,390,,n/a,n/a,59,0.00,0.33,Go to a snapshot of the SERP for qr code eps,107,1 month
qr code for documents,Informational,n/a,0,390,,n/a,n/a,32,0.05,0.01,Go to a snapshot of the SERP for qr code for documents,123,1 month
qr code generator for google maps,Informational,n/a,0,390,,n/a,n/a,35,0.04,0.12,3,97,1 month
qr code generator free download,Commercial,n/a,0,390,,n/a,n/a,83,0.04,0.11,Go to a snapshot of the SERP for qr code generator free download,137,1 month
qr code generator github,Transactional | Navigational,n/a,0,390,,n/a,n/a,38,0.00,0.33,Go to a snapshot of the SERP for qr code generator github,107,1 month
qr code generator with photo,Commercial,n/a,0,390,,n/a,n/a,66,0.02,0.29,3,127,1 month
qr code location generator,Informational,n/a,0,390,,n/a,n/a,25,0.02,0.26,Go to a snapshot of the SERP for qr code location generator,110,1 month
qr code machine,Informational,n/a,0,390,,n/a,n/a,30,0.08,0.02,Go to a snapshot of the SERP for qr code machine,136,1 month
qr code of any product,Informational,n/a,0,390,,n/a,n/a,83,0.00,0.33,Go to a snapshot of the SERP for qr code of any product,129,1 month
qr code pro,Commercial,n/a,0,390,,n/a,n/a,77,0.03,0.25,Go to a snapshot of the SERP for qr code pro,20,1 month
qr code tag,Informational,n/a,0,390,,n/a,n/a,34,0.00,0.01,Go to a snapshot of the SERP for qr code tag,133,1 month
qr cord,Informational,n/a,0,390,,n/a,n/a,87,0.02,0.01,Go to a snapshot of the SERP for qr cord,133,1 month
qr image png,Informational,n/a,0,390,,n/a,n/a,30,0.00,0.33,5,98,1 month
qr maker online,Commercial,n/a,0,390,,n/a,n/a,92,0.05,0.17,5,130,1 month
qr no,Informational,n/a,0,390,,n/a,n/a,93,0.00,0.33,Go to a snapshot of the SERP for qr no,136,1 month
qr product,Informational,n/a,0,390,,n/a,n/a,57,0.00,0.33,7,132,1 month
qr scanner design,Informational,n/a,0,390,,n/a,n/a,62,0.00,0.05,6,135,1 month
qr share,Informational,n/a,0,390,,n/a,n/a,30,0.00,0.33,3,131,1 month
quick response code,Informational,n/a,0,390,,n/a,n/a,70,0.03,0.03,Go to a snapshot of the SERP for quick response code,135,1 month
share qr,Informational,n/a,0,390,,n/a,n/a,38,0.00,0.33,Go to a snapshot of the SERP for share qr,133,1 month
ur code,Informational,n/a,0,390,,n/a,n/a,76,0.05,0.03,Go to a snapshot of the SERP for ur code,133,1 month
amazon barcode generator,Informational,n/a,0,320,,n/a,n/a,26,0.20,0.02,Go to a snapshot of the SERP for amazon barcode generator,165,1 month
amazon gift card code generator,Transactional,n/a,0,320,,n/a,n/a,41,0.00,0.33,Go to a snapshot of the SERP for amazon gift card code generator,18.6M,1 month
barcode bear,Informational,n/a,0,320,,n/a,n/a,22,0.00,0.33,5,128,1 month
barcode for milk,Informational,n/a,0,320,,n/a,n/a,10,0.00,0.33,Go to a snapshot of the SERP for barcode for milk,123,1 month
barcode qr code,Informational,n/a,0,320,,n/a,n/a,70,0.02,0.01,Go to a snapshot of the SERP for barcode qr code,107,1 month
barcode tec it com,Navigational,n/a,0,320,,n/a,n/a,51,0.11,0.04,Go to a snapshot of the SERP for barcode tec it com,106,1 month
convert pdf to qr code,Informational,n/a,0,320,,n/a,n/a,25,0.03,0.50,7,121,1 month
create a qr code for link,Commercial,n/a,0,320,,n/a,n/a,87,0.02,0.58,7,121,1 month
create location qr code,Informational,n/a,0,320,,n/a,n/a,30,0.02,0.50,Go to a snapshot of the SERP for create location qr code,104,1 month
free dynamic qr code generator,Informational,n/a,0,320,,n/a,n/a,85,0.10,0.51,Go to a snapshot of the SERP for free dynamic qr code generator,128,1 month
generate qr code in word,Informational,n/a,0,320,,n/a,n/a,27,0.02,0.14,Go to a snapshot of the SERP for generate qr code in word,106,1 month
google barcode,Transactional | Navigational,n/a,0,320,,n/a,n/a,74,0.02,0.04,6,134,1 month
google qr code image,Informational | Transactional,n/a,0,320,,n/a,n/a,58,0.00,0.33,5,123,1 month
how to convert link to qr code,Informational,n/a,0,320,,n/a,n/a,52,0.03,0.60,Go to a snapshot of the SERP for how to convert link to qr code,104,1 month
how to get a qr code,Informational,n/a,0,320,,n/a,n/a,84,0.04,0.25,Go to a snapshot of the SERP for how to get a qr code,20,1 month
how to make a qr code for a link,Informational,n/a,0,320,,n/a,n/a,49,0.03,0.48,Go to a snapshot of the SERP for how to make a qr code for a link,41,1 month
javascript qr code generator,Informational,n/a,0,320,,n/a,n/a,46,0.00,0.33,5,126,1 month
location qr generator,Informational,n/a,0,320,,n/a,n/a,28,0.02,0.32,5,116,1 month
mail qr code,Commercial,n/a,0,320,,n/a,n/a,28,0.00,0.01,Go to a snapshot of the SERP for mail qr code,58,1 month
make qr,Commercial,n/a,0,320,,n/a,n/a,84,0.04,0.35,Go to a snapshot of the SERP for make qr,133,1 month
online code generator,Commercial,n/a,0,320,,n/a,n/a,64,0.63,0.45,2,126,1 month
pdf to qr code generator free,Commercial,n/a,0,320,,n/a,n/a,36,0.01,0.17,5,121,1 month
purple barcode,Informational,n/a,0,320,,n/a,n/a,16,0.00,0.33,Go to a snapshot of the SERP for purple barcode,110,1 month
python qr code generator,Informational,n/a,0,320,,n/a,n/a,36,0.18,0.01,6,118,1 month
q me,Informational,n/a,0,320,,n/a,n/a,38,0.00,0.33,Go to a snapshot of the SERP for q me,108,1 month
qr code generator for link,Commercial,n/a,0,320,,n/a,n/a,85,0.03,0.49,Go to a snapshot of the SERP for qr code generator for link,126,1 month
qr code generator free for lifetime,Informational,n/a,0,320,,n/a,n/a,79,0.02,0.38,Go to a snapshot of the SERP for qr code generator free for lifetime,128,1 month
qr code generator with embedded image,Informational,n/a,0,320,,n/a,n/a,37,0.00,0.33,Go to a snapshot of the SERP for qr code generator with embedded image,124,1 month